,ex,symbol,price,+2% depth,-2% depth,volume,volume%,confidence,liquidity,updated,base,quote
0,Binance,BTC/USDT,"$54,176.97","$32,765,052.19","$22,878,508.04","$3,087,910,337",8.19%,High,897,Recently,BTC,USDT
1,Coinbase Exchange,BTC/USD,"$54,192.24","$15,566,600.74","$12,963,925.83","$938,243,056",2.49%,High,883,Recently,BTC,USD
2,FTX,BTC/USD,"$54,206.00","$32,582,316.58","$34,453,757.36","$823,296,173",2.18%,Low,929,Recently,BTC,USD
3,Huobi Global,BTC/USDT,"$54,180.86","$12,851,257.48","$10,516,856.39","$722,588,633",1.92%,Low,934,Recently,BTC,USDT
4,Binance,BTC/BUSD,"$54,170.22","$10,465,988.97","$10,621,280.85","$695,095,015",1.84%,High,874,Recently,BTC,BUSD
5,KuCoin,BTC/USDT,"$54,177.23","$16,394,320.39","$9,115,899.32","$588,563,339",1.56%,High,931,Recently,BTC,USDT
6,Binance,ETH/BTC,"$54,153.77","$8,014,812.58","$3,388,725.58","$379,749,614",1.01%,High,865,Recently,ETH,BTC
7,Gate.io,BTC/USDT,"$54,175.85","$2,009,221.75","$2,521,215.00","$318,720,195",0.85%,High,790,Recently,BTC,USDT
8,Bitfinex,BTC/USD,"$54,194.00","$12,843,396.75","$26,009,444.38","$289,880,956",0.77%,High,802,Recently,BTC,USD
9,FTX,BTC/USDT,"$54,187.33","$19,324,433.97","$43,089,123.68","$276,588,938",0.73%,High,870,Recently,BTC,USDT
10,Coincheck,BTC/JPY,"$54,133.56","$2,768,519.10","$1,594,436.67","$221,315,203",0.59%,High,553,Recently,BTC,JPY
11,Kraken,XBT/USD,"$54,181.40","$43,477,625.07","$39,626,961.69","$188,879,135",0.50%,High,874,Recently,XBT,USD
12,bitFlyer,BTC/JPY,"$54,162.05","$7,692,080.87","$3,532,870.59","$162,104,251",0.43%,High,396,Recently,BTC,JPY
13,Kraken,XBT/EUR,"$54,106.69","$32,141,217.74","$31,870,007.67","$159,793,217",0.42%,High,829,Recently,XBT,EUR
14,Binance,FTM/BTC,"$54,153.77","$219,798.72","$450,674.01","$143,516,756",0.38%,High,925,Recently,FTM,BTC
15,Binance,BTC/EUR,"$53,598.48","$2,228,529.36","$1,638,032.34","$133,274,604",0.35%,High,840,Recently,BTC,EUR
16,Binance,ETH/USDT,"$3,623.20","$20,845,383.77","$10,308,998.30","$1,759,607,382",9.25%,High,860,Recently,ETH,USDT
17,Coinbase Exchange,ETH/USD,"$3,623.85","$18,448,539.30","$10,674,239.66","$689,267,994",3.62%,High,862,Recently,ETH,USD
18,Huobi Global,ETH/USDT,"$3,622.43","$6,788,393.98","$7,592,518.36","$680,514,210",3.58%,Low,877,Recently,ETH,USDT
19,Binance,ETH/BUSD,"$3,623.37","$7,248,389.84","$4,176,977.84","$600,983,988",3.16%,High,838,Recently,ETH,BUSD
20,KuCoin,ETH/USDT,"$3,621.86","$7,443,777.44","$4,726,888.85","$424,328,692",2.23%,High,869,Recently,ETH,USDT
21,FTX,ETH/USD,"$3,622.80","$6,732,702.83","$5,727,247.12","$384,282,281",2.02%,Moderate,863,Recently,ETH,USD
22,Binance,ETH/BTC,"$3,621.97","$7,778,229.48","$4,022,190.77","$379,975,922",2.00%,High,870,Recently,ETH,BTC
23,Gate.io,ETH/USDT,"$3,622.43","$1,974,723.03","$1,973,786.70","$255,028,633",1.34%,High,768,Recently,ETH,USDT
24,Binance,ETH/EUR,"$3,584.95","$1,764,272.15","$1,100,127.50","$130,305,356",0.69%,High,646,Recently,ETH,EUR
25,FTX,ETH/USDT,"$3,622.05","$2,321,873.40","$1,931,449.60","$103,389,299",0.54%,High,854,Recently,ETH,USDT
26,Bithumb,ETH/KRW,"$3,690.86","$3,442,615.34","$2,400,280.66","$87,903,843",0.46%,High,344,Recently,ETH,KRW
27,Bitfinex,ETH/USD,"$3,622.90","$17,437,520.79","$14,988,055.54","$85,858,063",0.45%,High,669,Recently,ETH,USD
28,Kraken,ETH/USD,"$3,624.27","$25,017,416.26","$23,839,785.85","$84,713,064",0.45%,High,763,Recently,ETH,USD
29,Binance.US,ETH/USD,"$3,624.62","$2,739,542.69","$2,847,233.73","$81,072,235",0.43%,High,629,Recently,ETH,USD
30,bitFlyer,ETH/JPY,"$3,614.53","$3,079,693.82","$1,611,101.98","$66,871,989",0.35%,High,310,Recently,ETH,JPY
31,Binance,BNB/USDT,$443.48,"$8,859,345.83","$5,103,339.24","$516,453,082",25.94%,High,570,Recently,BNB,USDT
32,Binance,BNB/BUSD,$443.49,"$3,491,539.90","$1,540,758.03","$154,262,927",7.75%,High,525,Recently,BNB,BUSD
33,Binance,BNB/BTC,$443.72,"$1,030,163.68","$1,208,880.08","$88,314,357",4.44%,High,636,Recently,BNB,BTC
34,FTX,BNB/USD,$444.01,"$2,524,834.74","$2,600,863.40","$69,034,122",3.47%,High,713,Recently,BNB,USD
35,Gate.io,BNB/USDT,$443.72,"$739,558.15","$937,593.57","$54,784,693",2.75%,High,440,Recently,BNB,USDT
36,Binance.US,BNB/USD,$444.07,"$1,053,272.82","$734,269.10","$40,554,826",2.04%,High,647,Recently,BNB,USD
37,FTX,BNB/USDT,$443.84,"$2,047,894.57","$2,535,709.75","$36,021,135",1.81%,High,617,Recently,BNB,USDT
38,KuCoin,BNB/USDT,$443.71,"$1,575,721.68","$899,568.47","$26,995,802",1.36%,High,552,Recently,BNB,USDT
39,Binance,BNB/ETH,$443.84,"$303,082.56","$1,297,666.21","$24,122,834",1.21%,High,532,Recently,BNB,ETH
40,Binance,DOT/BNB,$443.48,"$133,815.82","$228,417.62","$16,068,429",0.81%,High,658,Recently,DOT,BNB
41,Binance,LUNA/BNB,$443.48,"$30,698.39","$178,021.44","$12,698,266",0.64%,High,804,Recently,LUNA,BNB
42,Binance,FTM/BNB,$443.48,"$64,027.07","$76,019.05","$11,878,317",0.60%,High,890,Recently,FTM,BNB
43,Binance,BNB/EUR,$438.93,"$297,733.63","$224,109.81","$11,399,426",0.57%,High,841,Recently,BNB,EUR
44,Binance,CAKE/BNB,$443.48,"$172,884.76","$157,487.16","$9,177,463",0.46%,High,734,Recently,CAKE,BNB
45,Binance,SOL/BNB,$443.48,"$114,388.16","$447,846.53","$7,594,427",0.38%,High,643,Recently,SOL,BNB
46,Binance,ADA/USDT,$2.30,"$3,735,825.24","$4,551,968.78","$587,962,066",17.82%,High,901,Recently,ADA,USDT
47,Coinbase Exchange,ADA/USD,$2.30,"$2,579,600.52","$2,837,264.94","$309,190,148",9.37%,High,674,Recently,ADA,USD
48,Binance,ADA/BTC,$2.30,"$1,027,921.18","$893,475.49","$122,837,715",3.72%,High,670,Recently,ADA,BTC
49,Binance,ADA/BUSD,$2.30,"$1,303,067.28","$1,334,903.21","$120,301,123",3.65%,High,790,Recently,ADA,BUSD
50,Huobi Global,ADA/USDT,$2.30,"$1,710,224.01","$1,622,451.87","$111,400,165",3.38%,Low,572,Recently,ADA,USDT
51,Binance.US,ADA/USD,$2.30,"$1,442,610.87","$1,335,382.51","$66,761,768",2.02%,High,906,Recently,ADA,USD
52,Gate.io,ADA/USDT,$2.30,"$800,027.47","$923,911.65","$64,765,152",1.96%,High,391,Recently,ADA,USDT
53,KuCoin,ADA/USDT,$2.30,"$2,533,413.80","$1,709,555.31","$61,630,529",1.87%,High,559,Recently,ADA,USDT
54,Kraken,ADA/USD,$2.30,"$2,395,283.23","$3,317,171.71","$36,112,523",1.09%,High,650,Recently,ADA,USD
55,Binance,ADA/EUR,$2.27,"$720,424.14","$567,149.94","$31,509,004",0.95%,High,611,Recently,ADA,EUR
56,Coinbase Exchange,ADA/BTC,$2.29,"$445,230.69","$547,814.82","$24,905,914",0.75%,High,394,Recently,ADA,BTC
57,Binance,ADA/TRY,$2.29,"$261,518.64","$266,267.94","$22,858,707",0.69%,High,656,Recently,ADA,TRY
58,Kraken,ADA/EUR,$2.30,"$1,395,610.36","$1,279,007.23","$22,670,110",0.69%,High,632,Recently,ADA,EUR
59,Coinbase Exchange,ADA/EUR,$2.29,"$504,546.35","$682,815.78","$21,694,152",0.66%,High,356,Recently,ADA,EUR
60,Binance,SHIB/USDT,$1.00,"$783,575.72","$910,094.68","$6,110,680,673",6.58%,High,874,Recently,SHIB,USDT
61,Binance,BTC/USDT,$1.00,"$33,356,054.70","$22,191,694.81","$3,086,793,068",3.32%,High,892,Recently,BTC,USDT
62,Binance,ETH/USDT,$1.00,"$20,845,383.77","$10,308,998.30","$1,759,607,382",1.89%,High,860,Recently,ETH,USDT
63,Huobi Global,SHIB/USDT,$1.00,"$335,595.19","$511,395.63","$1,486,774,602",1.60%,Low,274,Recently,SHIB,USDT
64,Binance,BUSD/USDT,$1.00,"$56,408,764.33","$59,194,305.24","$1,198,213,384",1.29%,High,960,Recently,BUSD,USDT
65,Binance,BTCST/USDT,$1.00,"$178,456.37","$297,970.03","$1,093,044,827",1.18%,High,800,Recently,BTCST,USDT
66,Binance,FTM/USDT,$1.00,"$1,115,692.52","$1,332,985.84","$1,087,603,813",1.17%,High,692,Recently,FTM,USDT
67,Huobi Global,BTC/USDT,$1.00,"$13,951,076.67","$12,869,701.74","$723,912,497",0.78%,Low,939,Recently,BTC,USDT
68,Binance,DOT/USDT,$1.00,"$2,108,189.13","$2,053,608.18","$696,906,036",0.75%,High,525,Recently,DOT,USDT
69,Huobi Global,ETH/USDT,$1.00,"$6,788,393.98","$7,592,518.36","$680,514,210",0.73%,Low,877,Recently,ETH,USDT
70,Binance,ADA/USDT,$1.00,"$3,730,993.68","$4,546,081.70","$589,618,475",0.63%,High,893,Recently,ADA,USDT
71,KuCoin,BTC/USDT,$1.00,"$9,798,968.95","$10,802,601.92","$588,729,159",0.63%,High,900,Recently,BTC,USDT
72,Binance,XRP/USDT,$1.07,"$4,202,205.01","$3,796,986.21","$450,194,634",13.94%,High,763,Recently,XRP,USDT
73,Huobi Global,XRP/USDT,$1.07,"$2,747,179.83","$1,278,106.34","$117,153,899",3.63%,Low,621,Recently,XRP,USDT
74,Bithumb,XRP/KRW,$1.10,"$1,585,585.75","$1,710,575.24","$82,697,977",2.56%,High,285,Recently,XRP,KRW
75,KuCoin,XRP/USDT,$1.07,"$1,994,537.91","$1,639,920.24","$68,999,637",2.14%,High,714,Recently,XRP,USDT
76,Gate.io,XRP/USDT,$1.07,"$687,228.41","$882,520.98","$61,235,020",1.90%,High,534,Recently,XRP,USDT
77,Binance,XRP/BUSD,$1.08,"$782,105.75","$886,628.54","$46,460,111",1.44%,High,511,Recently,XRP,BUSD
78,Binance,XRP/BTC,$1.07,"$589,073.65","$993,907.24","$43,093,416",1.33%,High,614,Recently,XRP,BTC
79,FTX,XRP/USD,$1.08,"$3,647,320.21","$7,352,858.71","$39,714,176",1.23%,High,743,Recently,XRP,USD
80,Bitstamp,XRP/USD,$1.07,"$1,986,408.73","$2,043,011.06","$20,585,984",0.64%,High,351,Recently,XRP,USD
81,Bitstamp,XRP/EUR,$1.07,"$799,756.13","$707,599.97","$10,923,189",0.34%,High,305,Recently,XRP,EUR
82,Kraken,XRP/EUR,$1.07,"$1,383,249.95","$1,797,224.19","$9,928,767",0.31%,High,485,Recently,XRP,EUR
83,Binance,XRP/TRY,$1.07,"$254,758.26","$193,412.06","$9,896,935",0.31%,High,840,Recently,XRP,TRY
84,Bitfinex,XRP/USD,$1.07,"$1,467,711.73","$2,128,561.25","$9,852,696",0.31%,High,427,Recently,XRP,USD
85,Huobi Global,XRP/BTC,$1.07,"$294,068.38","$337,801.76","$8,428,167",0.26%,High,395,Recently,XRP,BTC
86,Binance,SOL/USDT,$157.44,"$4,323,442.43","$2,387,636.58","$525,883,948",19.80%,High,622,Recently,SOL,USDT
87,Coinbase Exchange,SOL/USD,$157.66,"$2,216,139.61","$2,166,895.31","$277,461,684",10.45%,High,575,Recently,SOL,USD
88,FTX,SOL/USD,$157.60,"$2,344,805.54","$1,978,666.58","$150,728,766",5.68%,Moderate,493,Recently,SOL,USD
89,Binance,SOL/BUSD,$157.40,"$1,529,574.68","$1,157,004.68","$133,099,983",5.01%,High,760,Recently,SOL,BUSD
90,Binance,SOL/BTC,$157.38,"$545,179.21","$853,931.50","$111,368,368",4.19%,High,552,Recently,SOL,BTC
91,Huobi Global,SOL/USDT,$157.58,"$678,688.70","$1,458,035.45","$64,666,533",2.43%,Low,469,Recently,SOL,USDT
92,Binance.US,SOL/USD,$157.53,"$888,588.33","$1,483,710.89","$64,369,217",2.42%,High,782,Recently,SOL,USD
93,FTX,SOL/USDT,$157.59,"$1,348,330.21","$1,123,542.60","$38,916,628",1.47%,High,430,Recently,SOL,USDT
94,KuCoin,SOL/USDT,$157.56,"$1,461,641.60","$927,677.55","$31,979,160",1.20%,High,418,Recently,SOL,USDT
95,Binance,SOL/TRY,$156.89,"$369,059.07","$113,005.25","$29,678,544",1.12%,High,765,Recently,SOL,TRY
96,Bitfinex,SOL/USD,$157.64,"$1,623,062.32","$3,111,314.72","$27,624,288",1.04%,High,335,Recently,SOL,USD
97,Coinbase Exchange,SOL/BTC,$157.19,"$631,809.44","$778,845.66","$21,912,921",0.83%,High,350,Recently,SOL,BTC
98,Coinbase Exchange,SOL/EUR,$157.18,"$554,834.18","$545,682.03","$21,053,671",0.79%,High,372,Recently,SOL,EUR
99,FTX US,SOL/USD,$157.04,"$1,317,730.52","$1,244,013.67","$16,423,727",0.62%,Moderate,223,Recently,SOL,USD
100,Gate.io,SOL/USDT,$157.36,"$1,031,442.68","$969,241.32","$15,096,427",0.57%,High,346,Recently,SOL,USDT
101,Binance,DOT/USDT,$34.55,"$2,986,592.29","$1,742,932.41","$702,466,645",25.62%,High,842,Recently,DOT,USDT
102,Huobi Global,DOT/USDT,$34.54,"$1,748,038.25","$1,308,780.93","$198,078,721",7.22%,Low,570,Recently,DOT,USDT
103,Coinbase Exchange,DOT/USD,$34.65,"$1,817,750.16","$1,501,383.80","$115,483,690",4.21%,High,499,Recently,DOT,USD
104,Binance,DOT/BTC,$34.54,"$482,656.15","$433,445.62","$110,191,228",4.02%,High,801,Recently,DOT,BTC
105,Binance,DOT/BUSD,$34.55,"$778,122.28","$658,418.44","$80,508,484",2.94%,High,846,Recently,DOT,BUSD
106,Gate.io,DOT/USDT,$34.57,"$503,359.78","$737,838.78","$72,666,015",2.65%,High,396,Recently,DOT,USDT
107,KuCoin,DOT/USDT,$34.55,"$978,174.63","$1,035,254.69","$57,222,507",2.09%,High,493,Recently,DOT,USDT
108,Kraken,DOT/USD,$34.58,"$3,478,708.08","$2,946,949.57","$53,126,474",1.94%,High,569,Recently,DOT,USD
109,Bithumb,DOT/KRW,$35.17,"$618,892.51","$758,753.75","$50,549,750",1.84%,High,215,Recently,DOT,KRW
110,Kraken,DOT/EUR,$34.54,"$1,744,139.37","$1,072,554.66","$19,970,912",0.73%,High,508,Recently,DOT,EUR
111,Bitfinex,DOT/USD,$34.58,"$786,568.99","$6,188,264.23","$19,253,611",0.70%,High,351,Recently,DOT,USD
112,Binance,DOT/BNB,$34.61,"$113,433.61","$166,143.77","$16,183,245",0.59%,High,754,Recently,DOT,BNB
113,Huobi Global,DOT/BTC,$34.55,"$372,110.93","$405,872.33","$15,810,555",0.58%,Moderate,359,Recently,DOT,BTC
114,Binance,USDC/USDT,$1.00,"$33,912,931.66","$9,654,717.91","$199,687,097",6.33%,High,983,Recently,USDC,USDT
115,Binance,BTC/USDC,$1,"$2,942,350.36","$1,714,302.51","$83,633,683",2.65%,High,656,Recently,BTC,USDC
116,Binance,USDC/BUSD,$1,"$5,795,698.50","$5,151,305.43","$67,866,566",2.15%,High,984,Recently,USDC,BUSD
117,Binance,ETH/USDC,$1,"$1,671,912.63","$1,208,167.94","$45,849,966",1.45%,High,508,Recently,ETH,USDC
118,Uniswap (V2),USDC/WETH,$0.9985,-,-,"$40,198,255",1.27%,High,916,Recently,USDC,WETH
119,Coinbase Exchange,USDC/EUR,$0.997,"$1,762,362.21","$626,598.36","$37,631,285",1.19%,High,272,Recently,USDC,EUR
120,Uniswap (V2),RAD/USDC,$0.9999,-,-,"$32,376,960",1.03%,High,-,Recently,RAD,USDC
121,Coinbase Exchange,BTC/USDC,$1,"$2,037,882.61","$1,859,489.57","$31,532,443",1.00%,High,632,Recently,BTC,USDC
122,Coinbase Exchange,ETH/USDC,$1,"$2,452,428.87","$2,750,949.15","$26,475,428",0.84%,High,506,Recently,ETH,USDC
123,Kraken,USDC/USD,$1.00,"$19,727,584.00","$3,456,481.56","$22,714,392",0.72%,High,900,Recently,USDC,USD
124,Coinbase Exchange,USDT/USDC,$0.9999,"$472,972.10","$626,999.09","$12,914,106",0.41%,High,845,Recently,USDT,USDC
125,Kraken,USDC/EUR,$0.9987,"$1,297,166.66","$1,031,438.70","$12,109,947",0.38%,High,678,Recently,USDC,EUR
126,Binance,DOGE/USDT,$0.2456,"$1,913,468.59","$1,884,035.24","$560,586,223",17.74%,High,668,Recently,DOGE,USDT
127,Coinbase Exchange,DOGE/USD,$0.2463,"$2,289,991.98","$1,786,695.88","$157,204,018",4.97%,High,378,Recently,DOGE,USD
128,Huobi Global,DOGE/USDT,$0.2455,"$1,224,932.85","$4,596,030.53","$154,349,511",4.88%,Low,465,Recently,DOGE,USDT
129,FTX,DOGE/USD,$0.2456,"$954,586.22","$1,116,945.83","$134,298,576",4.25%,Moderate,533,Recently,DOGE,USD
130,FTX,DOGE/USDT,$0.2456,"$1,021,126.66","$1,082,091.53","$84,954,101",2.69%,Moderate,392,Recently,DOGE,USDT
131,Binance,DOGE/BUSD,$0.2454,"$551,011.43","$494,077.38","$75,372,131",2.38%,High,651,Recently,DOGE,BUSD
132,Gate.io,DOGE/USDT,$0.2456,"$449,969.76","$949,450.38","$74,969,412",2.37%,High,447,Recently,DOGE,USDT
133,Bithumb,DOGE/KRW,$0.2502,"$651,812.58","$267,605.91","$63,245,266",2.00%,High,258,Recently,DOGE,KRW
134,Binance,DOGE/BTC,$0.2456,"$1,068,886.67","$1,111,285.46","$61,186,766",1.94%,High,561,Recently,DOGE,BTC
135,Binance,DOGE/TRY,$0.2447,"$332,853.73","$246,669.22","$60,463,327",1.91%,High,807,Recently,DOGE,TRY
136,Binance.US,DOGE/USD,$0.2455,"$845,636.99","$588,957.62","$49,838,597",1.58%,High,838,Recently,DOGE,USD
137,FTX US,DOGE/USDT,$0.2455,"$592,461.83","$706,021.42","$43,482,780",1.38%,Low,267,Recently,DOGE,USDT
138,KuCoin,DOGE/USDT,$0.2456,"$1,597,687.55","$715,083.74","$42,808,458",1.35%,High,445,Recently,DOGE,USDT
139,FTX US,DOGE/USD,$0.2463,"$724,517.13","$646,970.10","$40,764,520",1.29%,Moderate,261,Recently,DOGE,USD
140,Binance,LUNA/USDT,$46.26,"$604,542.55","$1,889,212.59","$315,005,397",19.26%,High,715,Recently,LUNA,USDT
141,KuCoin,LUNA/USDT,$46.24,"$5,508,119.93","$3,814,136.74","$185,509,851",11.34%,Moderate,401,Recently,LUNA,USDT
142,Huobi Global,LUNA/USDT,$46.25,"$640,603.25","$223,228.23","$123,286,888",7.54%,Low,331,Recently,LUNA,USDT
143,Gate.io,LUNA/USDT,$46.27,"$534,351.91","$539,761.69","$82,963,581",5.07%,Moderate,291,Recently,LUNA,USDT
144,Binance,LUNA/BUSD,$46.20,"$644,058.83","$735,722.77","$82,286,437",5.03%,High,610,Recently,LUNA,BUSD
145,Binance,LUNA/BTC,$46.22,"$242,013.27","$791,815.39","$73,918,640",4.52%,High,948,Recently,LUNA,BTC
146,Bitfinex,LUNA/USD,$46.26,-,-,"$72,943,834",4.46%,,-,Recently,LUNA,USD
147,Bitfinex,LUNA/UST,$46.35,-,-,"$45,770,442",2.80%,,-,Recently,LUNA,UST
148,Huobi Global,LUNA/BTC,$46.24,"$670,932.63","$177,695.93","$38,667,129",2.36%,Low,309,Recently,LUNA,BTC
149,Binance,LUNA/EUR,$45.86,"$179,773.41","$268,775.50","$24,774,138",1.51%,High,655,Recently,LUNA,EUR
150,KuCoin,LUNA/BTC,$46.23,"$1,433,665.29","$246,964.65","$24,202,292",1.48%,High,235,Recently,LUNA,BTC
151,Huobi Global,LUNA/HT,$46.33,"$52,478.76","$65,332.87","$22,378,299",1.37%,Low,176,Recently,LUNA,HT
152,Binance,UNI/USDT,$25.88,"$676,540.92","$671,765.87","$55,958,492",13.28%,High,571,Recently,UNI,USDT
153,Huobi Global,UNI/USDT,$25.87,"$848,344.74","$560,771.24","$39,918,228",9.47%,Low,480,Recently,UNI,USDT
154,Bithumb,UNI/KRW,$26.35,"$360,643.01","$482,910.85","$28,945,241",6.87%,High,221,Recently,UNI,KRW
155,Coinbase Exchange,UNI/USD,$25.87,"$913,625.88","$952,303.09","$25,626,005",6.08%,High,467,Recently,UNI,USD
156,Binance,UNI/BTC,$25.84,"$237,704.48","$320,747.58","$9,598,097",2.28%,High,689,Recently,UNI,BTC
157,Gate.io,UNI/USDT,$25.87,"$660,419.53","$712,600.59","$8,859,676",2.10%,High,371,Recently,UNI,USDT
158,FTX,UNI/USD,$25.88,"$539,174.03","$363,288.84","$6,313,650",1.50%,High,412,Recently,UNI,USD
159,Binance,UNI/BUSD,$25.88,"$291,136.88","$256,184.77","$5,981,045",1.42%,High,764,Recently,UNI,BUSD
160,Binance.US,UNI/USD,$25.85,"$581,136.01","$318,766.45","$5,310,596",1.26%,High,872,Recently,UNI,USD
161,Coinbase Exchange,UNI/BTC,$25.97,"$411,266.06","$490,909.76","$4,787,840",1.14%,High,424,Recently,UNI,BTC
162,KuCoin,UNI/USDT,$25.88,"$578,355.09","$783,733.80","$2,982,362",0.71%,High,285,Recently,UNI,USDT
163,Binance.US,UNI/USDT,$25.90,"$305,145.97","$277,447.93","$2,965,757",0.70%,High,706,Recently,UNI,USDT
164,Binance,UNI/BNB,$25.86,"$60,953.57","$125,270.07","$2,924,310",0.69%,High,603,Recently,UNI,BNB
165,Bitfinex,UNI/USD,$25.88,"$983,980.77","$1,777,044.50","$2,860,395",0.68%,High,289,Recently,UNI,USD
166,FTX,UNI/USDT,$25.86,"$289,902.75","$308,554.33","$2,770,184",0.66%,High,304,Recently,UNI,USDT
167,Binance,AVAX/USDT,$61.49,"$1,551,112.54","$1,015,686.87","$291,040,833",32.74%,High,507,Recently,AVAX,USDT
168,Binance,AVAX/TRY,$61.28,"$465,869.11","$209,208.59","$53,142,668",5.98%,High,646,Recently,AVAX,TRY
169,Binance,AVAX/BTC,$61.40,"$468,943.43","$606,895.15","$44,896,178",5.05%,High,854,Recently,AVAX,BTC
170,Binance,AVAX/BUSD,$61.51,"$375,441.84","$269,882.62","$44,654,931",5.02%,High,568,Recently,AVAX,BUSD
171,Gate.io,AVAX/USDT,$61.50,"$390,769.00","$686,048.24","$35,232,717",3.96%,High,397,Recently,AVAX,USDT
172,Coinbase Exchange,AVAX/USD,$61.60,"$670,629.04","$531,428.86","$25,667,416",2.89%,High,322,Recently,AVAX,USD
173,Huobi Global,AVAX/USDT,$61.50,"$393,427.34","$338,363.25","$25,058,667",2.82%,Low,347,Recently,AVAX,USDT
174,KuCoin,AVAX/USDT,$61.54,"$555,911.97","$389,738.66","$18,872,839",2.12%,High,290,Recently,AVAX,USDT
175,Bitfinex,AVAX/USD,$61.50,-,-,"$3,343,955",0.38%,,-,Recently,AVAX,USD
176,Binance,AVAX/EUR,$60.89,"$99,002.55","$70,730.86","$3,106,721",0.35%,High,904,Recently,AVAX,EUR
177,KuCoin,AVAX/BTC,$61.36,"$72,727.71","$103,625.89","$2,171,887",0.24%,High,201,Recently,AVAX,BTC
178,Bitfinex,AVAX/UST,$61.49,-,-,"$1,717,028",0.19%,,-,Recently,AVAX,UST
179,Binance,AVAX/BNB,$61.56,"$24,188.99","$44,850.78","$1,632,986",0.18%,High,714,Recently,AVAX,BNB
180,Coinbase Exchange,AVAX/EUR,$61.20,"$80,132.15","$93,870.35","$1,064,686",0.12%,High,180,Recently,AVAX,EUR
181,Binance,SHIB/BUSD,$1.00,"$368,044.41","$586,079.85","$1,263,671,990",15.58%,High,908,Recently,SHIB,BUSD
182,Binance,BUSD/USDT,$0.9999,"$54,701,072.49","$60,214,997.19","$1,195,848,367",14.74%,High,979,Recently,BUSD,USDT
183,Binance,BTC/BUSD,$1.00,"$9,948,903.21","$6,849,695.82","$695,501,017",8.58%,High,860,Recently,BTC,BUSD
184,Binance,ETH/BUSD,$1.00,"$8,016,641.03","$4,806,287.39","$602,339,261",7.43%,High,815,Recently,ETH,BUSD
185,Binance,BTCST/BUSD,$1.00,"$359,756.63","$64,273.36","$511,974,232",6.31%,High,704,Recently,BTCST,BUSD
186,Binance,BNB/BUSD,$1.00,"$3,394,128.48","$1,338,122.78","$152,704,020",1.88%,High,542,Recently,BNB,BUSD
187,Binance,FTM/BUSD,$0.9997,"$362,014.27","$235,429.66","$139,908,543",1.73%,High,871,Recently,FTM,BUSD
188,Binance,SOL/BUSD,$1.00,"$1,376,483.09","$999,192.61","$132,192,656",1.63%,High,886,Recently,SOL,BUSD
189,Binance,RAD/BUSD,$1.00,"$95,112.72","$136,355.35","$125,120,299",1.54%,High,796,Recently,RAD,BUSD
190,Binance,ADA/BUSD,$1.00,"$1,628,334.23","$1,399,038.35","$120,726,289",1.49%,High,629,Recently,ADA,BUSD
191,Binance.US,SHIB/BUSD,$1.00,"$78,858.82","$106,632.63","$88,563,657",1.09%,High,802,Recently,SHIB,BUSD
192,Binance,SLP/BUSD,$1.00,"$246,105.15","$185,734.20","$83,473,162",1.03%,High,885,Recently,SLP,BUSD
193,Binance,LUNA/BUSD,$0.9999,"$644,058.83","$735,722.77","$82,286,437",1.01%,High,891,Recently,LUNA,BUSD
194,Binance,DOT/BUSD,$1.00,"$747,947.27","$783,706.55","$80,412,381",0.99%,High,781,Recently,DOT,BUSD
195,Binance,DOGE/BUSD,$0.9999,"$558,677.26","$512,283.76","$75,269,969",0.93%,High,501,Recently,DOGE,BUSD
196,Binance,USDC/BUSD,$1.00,"$5,750,995.79","$5,927,301.86","$68,243,913",0.84%,High,981,Recently,USDC,BUSD
197,Binance,LINK/USDT,$27.30,"$1,479,518.58","$1,420,708.61","$167,812,270",14.06%,High,885,Recently,LINK,USDT
198,Coinbase Exchange,LINK/USD,$27.32,"$2,085,338.66","$2,858,770.92","$87,124,176",7.30%,High,519,Recently,LINK,USD
199,Huobi Global,LINK/USDT,$27.30,"$762,978.97","$716,976.45","$54,317,882",4.55%,Low,490,Recently,LINK,USDT
200,Binance,LINK/BTC,$27.28,"$601,084.69","$478,267.15","$30,362,427",2.54%,High,847,Recently,LINK,BTC
201,FTX,LINK/USD,$27.31,"$3,827,846.80","$4,081,705.35","$28,320,649",2.37%,High,545,Recently,LINK,USD
202,Binance,LINK/BUSD,$27.31,"$504,796.78","$549,834.41","$20,776,176",1.74%,High,840,Recently,LINK,BUSD
203,FTX,LINK/USDT,$27.31,"$2,774,138.56","$2,347,698.73","$20,147,622",1.69%,High,485,Recently,LINK,USDT
204,Gate.io,LINK/USDT,$27.32,"$659,783.17","$840,912.99","$19,832,793",1.66%,High,314,Recently,LINK,USDT
205,Kraken,LINK/USD,$27.37,"$1,765,420.21","$1,584,009.12","$11,713,208",0.98%,High,523,Recently,LINK,USD
206,KuCoin,LINK/USDT,$27.31,"$609,709.17","$754,067.66","$10,763,022",0.90%,High,352,Recently,LINK,USDT
207,Binance.US,LINK/USD,$27.30,"$627,139.19","$665,187.53","$10,677,916",0.89%,High,699,Recently,LINK,USD
208,FTX US,LINK/USD,$27.29,"$1,708,965.16","$1,705,435.12","$8,070,398",0.68%,High,404,Recently,LINK,USD
209,Coinbase Exchange,LINK/EUR,$27.27,"$369,946.26","$389,387.69","$7,311,407",0.61%,High,373,Recently,LINK,EUR
210,Binance,LINK/ETH,$27.30,"$150,605.48","$285,404.13","$7,213,960",0.60%,High,927,Recently,LINK,ETH
211,Binance,LTC/USDT,$180.26,"$1,006,331.59","$1,285,322.21","$160,059,428",4.38%,High,513,Recently,LTC,USDT
212,Coinbase Exchange,LTC/USD,$180.34,"$1,527,419.01","$1,187,416.42","$94,365,740",2.58%,High,574,Recently,LTC,USD
213,Huobi Global,LTC/USDT,$180.36,"$680,741.90","$704,339.15","$85,865,354",2.35%,Low,481,Recently,LTC,USDT
214,FTX,LTC/USD,$179.94,"$3,129,959.68","$2,874,532.31","$60,142,273",1.64%,High,658,Recently,LTC,USD
215,FTX,LTC/USDT,$179.98,"$2,610,912.76","$2,625,926.82","$45,510,529",1.24%,High,483,Recently,LTC,USDT
216,Binance,LTC/BTC,$180.32,"$399,063.31","$665,599.39","$37,944,805",1.04%,High,580,Recently,LTC,BTC
217,Bithumb,LTC/KRW,$183.57,"$287,198.75","$395,201.52","$27,484,266",0.75%,High,205,Recently,LTC,KRW
218,Bitfinex,LTC/USD,$180.09,"$2,328,011.22","$2,311,619.37","$26,473,010",0.72%,High,428,Recently,LTC,USD
219,Gate.io,LTC/USDT,$180.26,"$754,412.43","$824,372.11","$24,489,150",0.67%,High,353,Recently,LTC,USDT
220,Binance,LTC/BUSD,$180.21,"$484,225.35","$644,014.93","$21,195,092",0.58%,High,754,Recently,LTC,BUSD
221,KuCoin,LTC/USDT,$180.15,"$822,180.99","$735,218.28","$16,513,623",0.45%,High,442,Recently,LTC,USDT
222,FTX US,LTC/USD,$179.83,"$2,975,580.30","$2,933,154.99","$16,341,317",0.45%,High,334,Recently,LTC,USD
223,Coinbase Exchange,LTC/BTC,$180.27,"$432,144.67","$545,810.37","$13,154,122",0.36%,High,377,Recently,LTC,BTC
224,FTX US,LTC/USDT,$180.35,"$3,371,746.11","$3,246,450.83","$12,814,141",0.35%,High,325,Recently,LTC,USDT
225,Binance,ALGO/USDT,$1.89,"$554,424.76","$909,390.22","$136,785,764",20.78%,High,640,Recently,ALGO,USDT
226,Coinbase Exchange,ALGO/USD,$1.89,"$1,634,853.18","$2,347,139.09","$94,469,353",14.35%,High,448,Recently,ALGO,USD
227,Huobi Global,ALGO/USDT,$1.89,"$341,033.77","$286,474.56","$25,058,071",3.81%,Low,366,Recently,ALGO,USDT
228,Binance,ALGO/BUSD,$1.89,"$269,764.65","$371,105.67","$23,171,628",3.52%,High,817,Recently,ALGO,BUSD
229,Binance.US,ALGO/USD,$1.89,"$352,624.21","$391,861.83","$19,025,088",2.89%,High,693,Recently,ALGO,USD
230,Binance,ALGO/BTC,$1.89,"$107,987.33","$367,600.64","$16,292,375",2.47%,High,935,Recently,ALGO,BTC
231,KuCoin,ALGO/USDT,$1.89,"$1,037,496.73","$859,752.92","$15,795,423",2.40%,High,309,Recently,ALGO,USDT
232,Kraken,ALGO/USD,$1.89,"$496,989.33","$711,637.60","$9,329,558",1.42%,High,416,Recently,ALGO,USD
233,Coinbase Exchange,ALGO/BTC,$1.89,"$301,086.02","$435,364.06","$8,990,971",1.37%,High,330,Recently,ALGO,BTC
234,Coinbase Exchange,ALGO/EUR,$1.89,"$380,516.31","$364,488.99","$8,166,362",1.24%,High,299,Recently,ALGO,EUR
235,Gate.io,ALGO/USDT,$1.89,"$570,474.20","$620,278.10","$7,173,736",1.09%,High,321,Recently,ALGO,USDT
236,Coinbase Exchange,ALGO/GBP,$1.89,"$373,689.93","$355,666.77","$5,583,403",0.85%,High,268,Recently,ALGO,GBP
237,Huobi Global,ALGO/BTC,$1.89,"$66,962.43","$76,619.91","$3,481,276",0.53%,Moderate,235,Recently,ALGO,BTC
238,Kraken,ALGO/EUR,$1.89,"$341,423.16","$530,883.66","$2,962,658",0.45%,High,351,Recently,ALGO,EUR
239,Binance,BCH/USDT,$614.48,"$1,115,625.02","$1,377,918.83","$98,471,785",6.43%,High,503,Recently,BCH,USDT
240,Huobi Global,BCH/USDT,$614.49,"$571,221.12","$448,193.36","$54,588,097",3.57%,Low,447,Recently,BCH,USDT
241,Coinbase Exchange,BCH/USD,$614.70,"$1,062,361.57","$1,199,542.42","$30,191,851",1.97%,High,488,Recently,BCH,USD
242,FTX US,BCH/USD,$614.67,"$5,022,909.92","$4,417,796.69","$29,117,210",1.90%,High,365,Recently,BCH,USD
243,FTX US,BCH/USDT,$614.90,"$5,014,833.85","$4,799,643.51","$26,678,106",1.74%,High,381,Recently,BCH,USDT
244,FTX,BCH/USD,$614.45,"$1,607,288.00","$704,377.43","$16,620,776",1.09%,High,489,Recently,BCH,USD
245,Gate.io,BCH/USDT,$614.58,"$600,736.29","$1,001,236.83","$12,816,942",0.84%,High,415,Recently,BCH,USDT
246,Binance,BCH/BTC,$614.39,"$434,840.53","$288,769.48","$12,621,293",0.82%,High,672,Recently,BCH,BTC
247,Huobi Global,BCH/BTC,$614.66,"$205,044.05","$220,789.56","$10,369,479",0.68%,High,514,Recently,BCH,BTC
248,FTX US,BCH/BTC,$620.09,"$4,661,488.05","$4,304,043.36","$9,227,140",0.60%,High,275,Recently,BCH,BTC
249,Binance,BCH/BUSD,$614.62,"$583,164.29","$596,328.36","$9,096,393",0.59%,High,866,Recently,BCH,BUSD
250,Coinbase Exchange,BCH/BTC,$614.93,"$426,854.38","$537,895.35","$8,531,471",0.56%,High,279,Recently,BCH,BTC
251,Bithumb,BCH/KRW,$626.59,"$249,955.33","$343,545.55","$6,778,153",0.44%,High,229,Recently,BCH,KRW
252,Binance,WBTC/BTC,"$54,513.70","$10,067,325.70","$2,858,906.08","$24,165,903",6.52%,High,728,Recently,WBTC,BTC
253,FTX,WBTC/BTC,"$54,508.25","$36,479,825.59","$37,730,170.20","$11,087,747",2.99%,High,881,Recently,WBTC,BTC
254,Uniswap (V2),WBTC/WETH,"$54,080.78",-,-,"$5,192,359",1.40%,High,900,Recently,WBTC,WETH
255,FTX,WBTC/USD,"$54,492.00","$20,062,320.76","$18,906,322.58","$3,458,531",0.93%,High,253,Recently,WBTC,USD
256,Coinbase Exchange,WBTC/BTC,"$54,508.25","$706,827.96","$1,593,765.98","$3,356,385",0.91%,High,635,Recently,WBTC,BTC
257,Binance,WBTC/ETH,"$54,519.59","$734,710.76","$448,289.45","$2,541,567",0.69%,High,506,Recently,WBTC,ETH
258,Uniswap (V2),WBTC/BADGER,"$54,329.45",-,-,"$2,409,546",0.65%,High,611,Recently,WBTC,BADGER
259,Coinbase Exchange,WBTC/USD,"$54,510.10","$190,399.17","$179,571.89","$734,415",0.20%,High,372,Recently,WBTC,USD
260,KuCoin,WBTC/BTC,"$54,922.90","$6,707.78","$839,376.08","$705,148",0.19%,High,108,Recently,WBTC,BTC
261,Huobi Global,WBTC/BTC,"$54,519.15","$2,009,472.12","$93,568.79","$275,224",0.07%,High,268,Recently,WBTC,BTC
262,Uniswap (V2),WBTC/USDC,"$54,247.48",-,-,"$147,627",0.04%,High,392,Recently,WBTC,USDC
263,Kraken,WBTC/USD,"$54,065.20","$187,126.70","$680,965.00","$137,852",0.04%,High,544,Recently,WBTC,USD
264,Kraken,WBTC/EUR,"$54,154.91","$142,533.88","$472,303.23","$67,567",0.02%,High,476,Recently,WBTC,EUR
265,Binance,SHIB/USDT,$0.00002276,"$505,033.29","$2,803,863.18","$5,709,829,040",28.79%,High,878,Recently,SHIB,USDT
266,Coinbase Exchange,SHIB/USD,$0.00002275,"$937,121.33","$1,302,705.04","$2,263,029,751",11.41%,Low,302,Recently,SHIB,USD
267,Huobi Global,SHIB/USDT,$0.00002288,"$795,126.82","$698,577.67","$1,478,229,470",7.45%,Low,282,Recently,SHIB,USDT
268,Binance,SHIB/BUSD,$0.00002278,"$272,457.43","$803,690.53","$1,189,309,763",6.00%,High,507,Recently,SHIB,BUSD
269,Binance,SHIB/TRY,$0.00002267,"$274,715.59","$110,324.85","$558,498,096",2.82%,High,715,Recently,SHIB,TRY
270,KuCoin,SHIB/USDT,$0.0000229,"$337,765.98","$766,808.58","$518,584,369",2.62%,Low,252,Recently,SHIB,USDT
271,Gate.io,SHIB/USDT,$0.00002303,"$414,287.80","$565,209.47","$495,295,164",2.50%,Low,332,Recently,SHIB,USDT
272,Binance.US,SHIB/USDT,$0.0000228,"$525,904.61","$390,162.25","$348,720,814",1.76%,High,522,Recently,SHIB,USDT
273,Binance,SHIB/EUR,$0.00002254,"$134,854.23","$196,899.64","$289,063,089",1.46%,High,637,Recently,SHIB,EUR
274,Coinbase Exchange,SHIB/USDT,$0.00002276,"$325,637.09","$504,308.45","$272,499,114",1.37%,Low,261,Recently,SHIB,USDT
275,Uniswap (V2),SHIB/WETH,$0.00002341,-,-,"$138,030,960",0.70%,High,500,Recently,SHIB,WETH
276,Binance.US,SHIB/BUSD,$0.00002277,"$18,161.33","$59,846.08","$88,285,019",0.45%,High,547,Recently,SHIB,BUSD
